dataset,metric,paper,reproduction,difference
Test_60,accuracy,0.873,0.766,-0.107
Test_60,precision,0.584,0.3619,-0.2221
Test_60,recall,0.668,0.6318,-0.0362
Test_60,f1,0.623,0.4602,-0.1628
Test_60,mcc,0.549,0.3451,-0.2039
Test_60,auc,0.89,0.7977,-0.0923
Test_60,aupr,0.656,0.4421,-0.2139
Test_315-28,accuracy,,0.7902,
Test_315-28,precision,,0.3537,
Test_315-28,recall,,0.5783,
Test_315-28,f1,,0.439,
Test_315-28,mcc,0.511,0.3336,-0.1774
Test_315-28,auc,0.885,0.8024,-0.0826
Test_315-28,aupr,0.595,0.4081,-0.1869
UBtest_31-6,accuracy,,0.8653,
UBtest_31-6,precision,,0.4354,
UBtest_31-6,recall,,0.4079,
UBtest_31-6,f1,,0.4212,
UBtest_31-6,mcc,0.401,0.3453,-0.0557
UBtest_31-6,auc,0.845,0.7993,-0.0457
UBtest_31-6,aupr,0.445,0.3709,-0.0741
Test_70,accuracy,0.851,0.7959,-0.0551
Test_70,precision,0.621,0.4943,-0.1267
Test_70,recall,0.639,0.7177,0.0787
Test_70,f1,0.63,0.5854,-0.0446
Test_70,mcc,0.537,0.47,-0.067
Test_70,auc,0.88,0.8535,-0.0265
Test_70,aupr,0.682,0.6165,-0.0655
