epoch,lr,train_loss,train_bce,train_cl,val_loss,val_acc,val_prec,val_rec,val_f1,val_mcc,val_auc,val_aupr
1,0.0008,0.7486002669184507,0.5181884193224108,2.3041184205494956,0.7109873751799266,0.6215763846622033,0.23602258240757604,0.624578313253012,0.34258524980174465,0.1815665334509151,0.6793147692404816,0.2669682203107706
2,0.0008,0.7185355369559305,0.4913982070402471,2.2713732690868262,0.6971204588810603,0.661518563603165,0.2561626951520131,0.6009638554216867,0.3592107158288924,0.20675934220360942,0.7052881650370568,0.3051301971897624
3,0.0008,0.7000333927348702,0.4747975745690083,2.2523581517670683,0.684624566634496,0.707318928788801,0.28347996089931576,0.5590361445783133,0.37619588130371334,0.2316302687075504,0.7265137086425021,0.33418234466845054
4,0.0008,0.6927414451709051,0.4683653453063822,2.243760953406374,0.6795882165431977,0.7106664637857577,0.2874015748031496,0.5628915662650602,0.380517999674214,0.23767577404863968,0.7307121484401786,0.34506662153801215
5,0.0008,0.6893623005487248,0.4667122200756016,2.2265007652922306,0.6861562088131905,0.7560103469263543,0.31357048748353095,0.45879518072289155,0.37252983760516534,0.2340354950830514,0.7229247861443062,0.33495852058460185
6,0.0008,0.6783692503939132,0.45740568771690665,2.2096355875095206,0.6771128078301748,0.727099817407182,0.2998941238750662,0.5460240963855422,0.3871518879207244,0.2473947014246295,0.7358408101644993,0.3474450379190237
7,0.0008,0.6869747075670494,0.4634408633152168,2.2353384066484647,0.6786899343132973,0.7086122945830797,0.292012325195544,0.5937349397590361,0.3914839529710836,0.25295393915787634,0.7409328777754437,0.34597779486323665
8,0.0008,0.6744942263571801,0.4519043279711358,2.225898951827409,0.6708974917729695,0.7410225197808886,0.320744537361748,0.5730120481927711,0.41127637495676234,0.27997586599192376,0.757210792759982,0.3683952964928503
9,0.0008,0.6663679298526513,0.44513980379540047,2.2122812214011915,0.665126449863116,0.7472611077297626,0.3335113484646195,0.6019277108433735,0.4292096219931272,0.3040775075118916,0.768678922030157,0.3783050659911711
10,0.0008,0.6627443964609843,0.44169440276608496,2.2104998955469646,0.6581789061427117,0.7404899573950091,0.3316532258064516,0.6342168674698795,0.43554525897732915,0.31342924650854653,0.7782766806679242,0.3906617920963134
11,0.0008,0.652986127727046,0.43284883550898046,2.201372872569604,0.6572498475511869,0.7374467437614121,0.3290258449304175,0.6380722891566265,0.43416953598950647,0.31181425298779036,0.7765783524376665,0.39307263482043475
12,0.0008,0.6562482576348825,0.4334427448446879,2.2280551045240755,0.6616385807593663,0.7672702373706635,0.3542654028436019,0.5763855421686747,0.4388185654008439,0.31666589972700765,0.7805167802840235,0.38966678835498747
13,0.0008,0.6445163966652876,0.42453869044066905,2.199777030659293,0.6726196929812431,0.7717589774802192,0.3509506928778601,0.5248192771084338,0.4206257242178447,0.29438316171509366,0.7624194129485691,0.3720744814361
14,0.0008,0.6474403229480732,0.4263207525639477,2.2111956794818717,0.6653201803565025,0.764607425441266,0.35141440653251677,0.5807228915662651,0.4378633720930233,0.3153658473526929,0.7715872070811024,0.38148856490729155
15,0.0008,0.6366207985999341,0.4172643647044005,2.1935643286048294,0.6538542225956917,0.7606512477175897,0.3485148514851485,0.5937349397590361,0.4392156862745098,0.3171410799801138,0.7801546052309336,0.3964916014799613
16,0.0008,0.6605404607371655,0.4318891576307263,2.2865129880562516,0.6686462466915448,0.7455112598904443,0.33506493506493507,0.6216867469879518,0.43544303797468353,0.31278989264317936,0.7764670027113603,0.3813343907307646
17,0.0008,0.6459818667102003,0.42206906875272,2.239127936477433,0.6752137129505476,0.733338405356056,0.3273780782230806,0.6534939759036145,0.4362232588064983,0.31535424799273903,0.7705477035071354,0.37197813128036783
18,0.0008,0.639895829165767,0.4166604909978941,2.2323533460765543,0.6572240397334099,0.747945830797322,0.3380429094714809,0.6226506024096385,0.43818890961505846,0.31641169470219876,0.7798411497648376,0.3836315295105586
19,0.0008,0.6313988772516479,0.41033198300771373,2.210668902911112,0.67345177034537,0.7215459525258673,0.31487970100443824,0.6496385542168674,0.4241661422278163,0.29928306287460843,0.7669800713378402,0.37354510551268244
20,0.0008,0.6261472655627542,0.40628524521689213,2.1986201744593545,0.656026417016983,0.740718198417529,0.3305364861428935,0.6265060240963856,0.43275632490013316,0.3094490980086806,0.7737123432749882,0.38533248083957916
21,0.0008,0.6220969454257074,0.40234737379286817,2.1974956768001626,0.6636082495252291,0.7420115642118077,0.33467336683417087,0.6419277108433735,0.43996696944673824,0.31956699661797544,0.7733766831713883,0.3906489364373958
22,0.00016,0.6052065623734526,0.38682641013118324,2.1838014782545807,0.6520103911558787,0.7661290322580645,0.35683576956147894,0.6,0.4475197699496765,0.3280380375356604,0.7863555332541659,0.4162620369614432
23,0.00016,0.6055635603780518,0.3878605565178894,2.17703001727601,0.6450038696328799,0.7688679245283019,0.36135905557155196,0.6048192771084338,0.45241528478731075,0.3344483747329427,0.7921083847541217,0.42747829701020634
24,0.00016,0.6002820756977904,0.38304806192834934,2.1723401168149388,0.6524884810050329,0.7643031040779062,0.354975900198469,0.6033734939759036,0.446983220278472,0.32738148004974493,0.7881983004744608,0.42026867399102114
25,0.00016,0.593689250821125,0.3766584837597287,2.170307629836534,0.6465148677428564,0.765520389531345,0.35804905553989286,0.6120481927710844,0.45179651369619356,0.3337743298282642,0.7907008284289022,0.424386316832159
26,0.00016,0.5927070828076608,0.3763171059642723,2.163899726496485,0.6480045442779859,0.7719872185027389,0.3633669235328986,0.5908433734939759,0.4499908240044045,0.3312087844206212,0.7890087697433514,0.4224343881034984
27,0.00016,0.5898880522229715,0.3737938465650924,2.1609420262410968,0.6404329647620519,0.7543365794278758,0.3484768907563025,0.6395180722891566,0.45113037565867753,0.3338708124805406,0.7938031428269768,0.42921954157113296
28,0.00016,0.5901501915768949,0.3740341386306072,2.161160500463611,0.6409600888689359,0.7678027997565429,0.359505320678746,0.6024096385542169,0.4502881844380403,0.33166106775939824,0.7918417549500559,0.42902202534914863
29,0.00016,0.5866950416636324,0.37056880145372745,2.1612623737243837,0.6428866714239121,0.7764759586122946,0.3688051079355427,0.584578313253012,0.4522744220730798,0.3342131837281614,0.7924691883443069,0.4238571805456157
30,0.00016,0.581144793394083,0.36527117560366673,2.1587361561324068,0.6459468235572179,0.7433810103469264,0.3404621435594887,0.6674698795180722,0.4509197460524173,0.33527212998730865,0.7928039994470611,0.42923139652004605
31,0.00016,0.5832600976357203,0.3674606860665504,2.1579940818740937,0.6479024882117908,0.7450547778454047,0.34073889166250626,0.6578313253012048,0.44893931919092256,0.33207933783934585,0.792440235238542,0.4302881529554983
32,0.00016,0.5821831448527868,0.366442603443911,2.157405385000263,0.6471096689502398,0.7724437005477784,0.36163141993957704,0.5768674698795181,0.4445682451253482,0.32422177389241286,0.7896263852047454,0.4231724591015421
33,0.00016,0.579167035614659,0.3636158166709774,2.15551215802838,0.6443338751792907,0.7615642118076689,0.35328345802161265,0.6144578313253012,0.44862772695285014,0.32973054958247755,0.7919032748574931,0.4282729682012937
34,0.00016,0.573749809475716,0.3584124094801035,2.1533739695292033,0.6406372025609016,0.7547169811320755,0.348935051275309,0.6395180722891566,0.45151412044913236,0.33436400802799315,0.7940406018327534,0.4346655171786295
35,0.00016,0.574624425101423,0.3596195464808784,2.1500487677351443,0.643720198671023,0.7398813146682898,0.3334159643034209,0.6481927710843374,0.4403339335406777,0.32038491565584154,0.7876566597041341,0.42102893471953334
36,0.00016,0.5720688603416888,0.3571977487759676,2.1487110974545964,0.6401090184847514,0.7591296409007913,0.3522881126455456,0.6269879518072289,0.45110957004160884,0.33331829879488784,0.7929304788038231,0.43306408387807827
37,0.00016,0.572185474063108,0.3572149752544429,2.1497049567228306,0.6392959793408711,0.776095556908095,0.3715216104203671,0.6048192771084338,0.46029708417384924,0.3446264709062464,0.7968977073711777,0.4354559821594488
38,0.00016,0.56724967499693,0.3526435463192934,2.1460612569740434,0.6411186829209328,0.771835057821059,0.36639676113360325,0.6106024096385542,0.4579793963491776,0.3417222236683408,0.7970931081812116,0.4399636980051822
39,0.00016,0.5672672659515621,0.3527037441775113,2.1456352022593608,0.6491052269935608,0.7671941570298235,0.35728774268328023,0.5942168674698796,0.4462540716612378,0.3263462648021109,0.7881329927170966,0.4348236819064135
40,0.00016,0.5640612084886985,0.34945847036060457,2.146027339789682,0.6489099979400634,0.7681832014607426,0.35789473684210527,0.5898795180722891,0.44549590536851685,0.3253462018165564,0.785626720451233,0.419937671762343
41,0.00016,0.5647015922262283,0.35009737990930406,2.14604208497944,0.646891268591086,0.7664333536214242,0.3581408611348731,0.6053012048192771,0.4500179147259047,0.3313493822526722,0.7877632637334051,0.4321566908221219
42,0.00016,0.5634575012379778,0.3491051936310208,2.1435230281538593,0.6414323911070824,0.7548691418137553,0.34943554738776583,0.6414457831325301,0.45241332426920466,0.33561201568093263,0.7896003927173143,0.4291216256452236
43,0.00016,0.5583663352592263,0.3441255935607199,2.142407395525607,0.645326787730058,0.7724437005477784,0.3681635002878526,0.6163855421686747,0.4609839610740674,0.34569940024703616,0.7930840173413864,0.4331368863983152
44,0.00016,0.5595975316570191,0.3453106139814425,2.142869138075206,0.6422321518262227,0.7713785757760194,0.36363636363636365,0.5975903614457831,0.4521422060164084,0.334023603604697,0.789406885832244,0.4300159994600086
45,3.2000000000000005e-05,0.5552922096438037,0.34161344835322777,2.1367875823003804,0.6429445261756579,0.7846165550821668,0.37969446212603436,0.5749397590361446,0.45735096798926583,0.34098859634750184,0.7942854188458596,0.43831237008089297
46,3.2000000000000005e-05,0.5524769663632273,0.339062930313413,2.1341403223083404,0.6460027957955996,0.7858338405356056,0.3791639451338994,0.5595180722891566,0.45201479462721433,0.3344795314348579,0.7901573372721168,0.43358441613012116
47,3.2000000000000005e-05,0.5525383036472127,0.3391081405703179,2.1343016014127674,0.646418784558773,0.7836275106512477,0.37696,0.567710843373494,0.45307692307692304,0.33558783639374895,0.7898972382437873,0.434875135290277
48,3.2000000000000005e-05,0.5535833434965796,0.34029736376540387,2.132859757203542,0.6461868301033974,0.7732045039561777,0.3650982727814175,0.5908433734939759,0.45131603165838396,0.332933851032989,0.7890985026019699,0.431479719320793
49,3.2000000000000005e-05,0.5507955930368629,0.33761311886820966,2.131824701489089,0.6444709792733192,0.7882684114424833,0.3807277628032345,0.5445783132530121,0.4481459448740829,0.33009723648775186,0.7890188706764905,0.43047169915299766
50,3.2000000000000005e-05,0.5483093553495978,0.33504857192050197,2.1326078083700764,0.6463525240619977,0.7735849056603774,0.3652408016751421,0.588433734939759,0.45071982281284606,0.3321634192456107,0.7903423106102248,0.43300382026448825
51,6.400000000000001e-06,0.5455862627236429,0.3326444110113704,2.1294184816097785,0.645328377187252,0.7673463177115033,0.3602502132499289,0.6106024096385542,0.4531473533619456,0.3354904171366044,0.7924387331601227,0.4337365070838256
52,6.400000000000001e-06,0.5474787466897222,0.33452050334322236,2.1295823972382233,0.6452905128399531,0.7723676202069385,0.36526594181604466,0.5990361445783132,0.4538152610441767,0.33620228307084615,0.7921856656003361,0.4331211640951097
53,6.400000000000001e-06,0.547589652374119,0.3346276722714573,2.1296197729196376,0.6449227929115295,0.7779975654290932,0.37066584841976064,0.5821686746987952,0.4529433820772404,0.3351104881914909,0.7922837143133923,0.4326565522238601
54,6.400000000000001e-06,0.5483477097785402,0.3353143856375517,2.1303331923342035,0.6450875664750735,0.7827906269020085,0.37555839183152523,0.5672289156626507,0.451910155500096,0.334070866577824,0.7920331066791332,0.43226533499769254
55,6.400000000000001e-06,0.5504904839985385,0.3375408065443981,2.1294967328716896,0.6443777506550153,0.7633901399878271,0.3567672294492112,0.6212048192771085,0.4532348804500703,0.33586517519189063,0.7926814385557407,0.4316773616978429
56,6.400000000000001e-06,0.5492021470905064,0.33639225194197214,2.1280989157939385,0.6444466814398766,0.7629336579427876,0.35569725533684504,0.6183132530120482,0.45160154875044,0.33367589977600115,0.7920950184331146,0.43173294982759425
57,1.2800000000000005e-06,0.5456185058919255,0.332616891488879,2.130016109543646,0.6442263677716256,0.755173463177115,0.3502750851454021,0.6443373493975904,0.453835709436524,0.3375812959437327,0.7929896694012476,0.43143711791962003
58,1.2800000000000005e-06,0.5460263012412065,0.33310195335192594,2.1292434509642826,0.6441116710503896,0.7621728545343883,0.35575075487235797,0.624578313253012,0.453305351521511,0.3360624721550194,0.7935996220857775,0.43214741558779324
59,1.2800000000000005e-06,0.5448832878631032,0.3320107706738803,2.1287251514589003,0.6445162564516067,0.7613359707851491,0.3549180327868853,0.6260240963855421,0.45300784655623366,0.33572867533285555,0.7934988522161643,0.43202588640062867
60,1.2800000000000005e-06,0.5446543206354815,0.3317275852812621,2.1292673267290265,0.6447339683771134,0.7611077297626293,0.35486508585445625,0.6274698795180723,0.4533426183844011,0.33621044731706573,0.7933270057372865,0.4324466261504162
